{"cameraMode":{"drawMode":0,"name":"Shaded","section":"Shading Mode"},"sceneLighting":true,"audioPlay":false,"sceneViewState":{"m_AlwaysRefresh":false,"showFog":true,"showSkybox":true,"showFlares":true,"showImageEffects":true,"showParticleSystems":true,"showVisualEffectGraphs":true,"m_FxEnabled":true},"in2DMode":false,"pivot":{"x":3.483180284500122,"y":3.149601459503174,"z":-0.7549071311950684},"rotation":{"x":0.04797104001045227,"y":-0.02097424678504467,"z":0.0010075512109324337,"w":0.9986284971237183},"size":3.896561861038208,"orthographic":false}